path,time_period,visits
/,2026-08,23
/materials/labs/alignment-lab,2026-08,3
phylogeography-download,2026-08,2
evolutionary-applications-download,2026-08,2
migrate-bayesfactor-download,2026-08,2
phylodynamics-1-download,2026-08,1
pamldemo-download,2026-08,1
deep-phylogenomics-download,2026-08,1
bielawski_lecture_part_1-download,2026-08,1
iqtree-intro-download,2026-08,1
adaptive-protein-selection-download,2026-08,1
machine-learning-download,2026-08,1
adaptive-protein-intro-download,2026-08,1
/,2026-09,146
/materials/labs/alignment-lab,2026-09,15
intro-phylogenetics-download,2026-09,10
likelihood-phylogenetics-download,2026-09,8
intro-likelihood-download,2026-09,7
phylogenetic_models-download,2026-09,6
divergence-time-estimation-download,2026-09,5
revbayes-graphical-models-download,2026-09,4
phylodynamics-1-download,2026-09,4
adaptive-protein-intro-download,2026-09,4
iqtree-intro-download,2026-09,3
phylogenomics-download,2026-09,2
phylodynamics-2-download,2026-09,2
ant-phylogenomics-2-download,2026-09,2
ant-phylogenomics-1-download,2026-09,2
species-tree-estimation-download,2026-09,2
coalescent-intro-download,2026-09,2
model-selection-download,2026-09,2
bayesian-phylogenetics-download,2026-09,2
bayesian_stats_intro-download,2026-09,2
values_pressure_ethics_2026-download,2026-09,2
ethics_intro_2025_a-download,2026-09,2
pamldemo-download,2026-09,2
deep-phylogenomics-download,2026-09,2
bielawski_lecture_part_1-download,2026-09,2
adaptive-protein-selection-download,2026-09,2
open-tree-of-life-download,2026-09,1
pangenomes-download,2026-09,1
bielawski_lecture_part_2-download,2026-09,1
coalescent-extending-download,2026-09,1
phylogeography-download,2026-09,1
machine-learning-download,2026-09,1
evolutionary-applications-download,2026-09,1
migrate-bayesfactor-download,2026-09,1
